string	english (円,원,$,£,€,zł)	comment. Include all currency characters here to get them included in used_chars.txt, because they're retrieved automatically from the 3DS eShop.

# ----- Generic ----
next	Далi
done	Готово
back	Назад
yes	Так
no	Нi
ok	OK
skip	Пропустити
skip_confirm	Пiдтвердiть пропуск
yay	Ура!
continue	Продовжити
options_yes_thanks	Хочу все знати!
options_no_thanks	Я i так все знаю.
options_no_advanced	Нi {format bold}(для досвiдчених гравцiв) 
options_explain	Пояснити?

press_up_to_talk	Поговорити
press_up_to_sell	Продати
press_up_to_use	Використати
press_up_to_use_door	Увiйти в дверi
press_up_to_use_ladder	Пiднятись по драбинi
press_up_to_use_workbench	Працювати в майстернi
press_up_to_light	Освiтити
press_up_to_read	Читати
press_up_to_el_machino	Увiйти в Ель Макiно
press_up_to_archaea	Увiйти в шахту Архея

upgrade_cog	{image cogs_down} Шестерiнка
gain_xp	{format exp_text}%1% досвiду{format reset}
gain_gold	{format gold_text}$%1%{format reset}{image money_small_down}
pickup_resource	{image %1%} %2% $%3%{image money_small_down}
need_light	Потрiбне свiтло...
need_water	Потрiбна вода...
view_inventory	Подивитися ресурси

unassigned	НЕ ПРИЗНАЧЕНО

notification_saving	Збереження...
notification_saving_failed	{color 1,0,0,1}Не вдалося зберегти гру!
notification_saving_settings	Збереження налаштувань...
notification_saving_settings_failed	{color 1,0,0,1}Не вдалося зберегти налаштування!

difficulty_easy	Легко 
difficulty_normal	Середньо 

# ----- Ask Choice ----
carson_buy	Одну {image cogs_small} шестерiнку, будь ласка!
carson_dontbuy	Не зараз.

blueprint_buy	Беру!
blueprint_dontbuy	Можливо пiзнiше...

workbench_choice_upgrades	Покращення {image money_small}
workbench_choice_cogs	Шестерiнки {image cogs_small}
workbench_choice_tutorial	Розкажи про шестерiнки...
workbench_choice_cancel	Скасувати

options_markers_yes	Мабуть, менi це потрiбно.
options_markers_no	Менi це не знадобиться {format bold}(для досвiдчених гравцiв)
options_markers_explain	Як воно працюэ?


carson_ask_yes	Давай я розповiм...
carson_ask_yes2	Давай...
carson_ask_no	Якось потiм.

rocketeer_ask_yes	Чому так?
rocketeer_ask_no	Краще спускайся назад!

distillery_ask_yes	Здаэться, нам доведеться, Фен.
distillery_ask_no	Поки нi.

teleport_ask_yes	Менi доведеться, Фен.
teleport_ask_no	Зачекай секунду...

# ------ Levels -------
level_west_desert	Захiдна пустеля
level_east_desert	Вiтрянi рiвнини
level_el_machino	Ель Макiно
level_archaea	Архея
level_yarrow	Ярроу
level_fire_temple	Храм Руйнiвника
level_temple_of_guidance	Храм Шляху
level_hub	Оазис
level_hubtube	Труба каналiзацiï
level_distillery	Реактор
level_vectron	Вектрон
level_hell	Випробування

# ------ Caves -------
level_archaea_cave_pressurebomb	Вибухова станцiя
level_archaea_cave_jackhammer	Каменеломна станцiя
level_hub_cave_grapplinghook	Склад Розi
level_temple_cave_hookjump	Спелеостанцiя
level_fire_temple_cave_flamer	Станцiя внутрiшнього згоряння

level_fire_temple_cave_treasure_chamber	Скарбниця Рональда

level_archaea_cave_unclimbable	Стiни з латками

level_archaea_cave_runjump	Розгiн - стрибок
level_archaea_cave_fallblock_puzzle	Кiмната з годинниковим механiзмом
level_archaea_cave_ladders	Сходи Генезису
level_archaea_cave_runfallblock	Крiзь лад камiнчикiв
level_archaea_cave_snakestone	Грот трiщин
level_archaea_cave_snakestone_blocks	Пiдземнi розвалини
level_archaea_cave_trilobite_puzzle	Трилобiтове урвище
level_archaea_cave_cactus	Колюча панорама
level_archaea_cave_sinkstone_stickybomb	Цокаюча безодня
level_archaea_cave_vectron_entrance	Таэмнича печера

level_fire_temple_cave_crusher	Смажене безумство
level_fire_temple_cave_lavachase	Колиска демона
level_fire_temple_cave_batcave	Мишача печера
level_fire_temple_cave_armor	Сонячний арсенал

level_fire_temple_cave_spikeconveyor	Шипи та конвеэри
level_fire_temple_cave_lava_shooters	Стрiльба лавою
level_fire_temple_cave_hell_carts	Шахтне безумство
level_fire_temple_cave_generator	Машина Судного дня
level_fire_temple_cave_generator2	Руйнiвна машина
level_fire_temple_cave_golem	Похмура лощина
level_fire_temple_floor_is_lava	Пiдлога - це лава
level_fire_temple_cave_boxes	Лиховiсний вантаж


level_yarrow_cave_water	Пливи, греби, гойдайся
level_yarrow_cave_gauntlet	Лiгво з протiканням
level_yarrow_cave_steampack_slayer	Станцiя Аеронавтiв
level_yarrow_cave_generator	Машина лих
level_yarrow_cave_cliffhanger	Эралаш на пiдвiсi
level_yarrow_cave_mushimushiroom	Грибне мiсце
level_yarrow_cave_bats	Вулик у засiдцi
level_yarrow_cave_run	Лаймова петля
level_yarrow_cave_snakestone	Хiд у грот трiщин

level_west_desert_cave_cart_puzzle	Ох вже цi вiзки

level_east_desert_cave_runfallblock	Камнепад
level_east_desert_cave_hell_end	Кiнець випробувань
level_east_desert_cave_hell_crushers	Випробування руйнiвникiв
level_east_desert_cave_hell_acoknights	Випробування лицарiв-сектантiв
level_east_desert_cave_hell_vectron	Випробування втечi
level_east_desert_cave_hell_rockets	Випробування ракет
level_east_desert_cave_hell_bedrock	Випробування кнопок
level_east_desert_cave_hell_skillness	Випробування вправностi
east_desert_cave_hell_lava_flight	Випробування польоту

level_temple_cave_arrowtraps	Склеп стрiл
level_temple_cave_pushthecarts	Склеп колiс
level_temple_cave_fallblock_mega	Склеп руйнування
level_temple_cave_maze	Склеп таэмниць
level_temple_cave_generator	Машина спустошення

level_hub_cave_hubtube	Грязевий вигин

level_vectron_cave_generator	Генератор Вектрона

# ------ Talk UI ------
talk_continue_prompt	Продовжити
talk_confirm_prompt	Пiдтвердити
talk_cancel_prompt	Скасувати

# ------ Tutorial indicators ------
indicator_move	Йти на схiд
indicator_move_02	Нi, в iншу сторону
indicator_wall_jump	Стрибок по стiнi
indicator_jump	Стрибнути
indicator_attack	Копати
indicator_attack_down	Пiдкопувати
indicator_run	(Утримувати) Бiгти
indicator_talk_to_buddy	Поговорити з Фен
indicator_run_jump	стрибок пiд час пробiжки
indicator_pressurebomb	Кинути пневмобомбу
indicator_direction_pressurebomb	Кинути пневмобомбу
indicator_jackhammer	(Утримувати) Використати вiдбiйний молоток
indicator_hook	(Утримувати) Використати кiшку
indicator_hook_up	(Утримувати) Використати кiшку
indicator_steampack	(Утримувати) Використати реактивний двигун
indicator_pressurebomb_launcher	(Утримувати) Використати бомбомет

# ------ Conversation special ------
ui_conversation_name_separator	:
ui_conversation_ellipsis_start	...
ui_conversation_ellipsis_end	...

# ----- NPCs ----
character_player	Доротi
character_player_buddy	Фен
character_fen_sprite	Спрайт
character_ore_vendor	Клешорукий Джонс
character_mechanic	Ведроïд
character_mayor_01	Мер Мiк Йонкер
character_rocketeer	Професор Шерман
character_inhabitant_01	Матуся Йонкер
character_inhabitant_02	Пеннi Чайнiкс
character_old_salesbot_01	Торговець Карсон
character_blueprint_vendor_01	Девi Бiттенборо
character_blueprint_vendor_02	Клiфорд Хайзенберг
character_blueprint_vendor_03	Тай Нузак
character_yonker_01	Зебулон Йонкер
character_yonker_02	Люк Йонкер
character_yonker_03	Джош Йонкер
character_climber_01	Ледi Боттерлi
character_worshipper	Фанатик
character_guard_archaea	Корал Армстронг
character_fen_prison	Дороговказне свiтло
character_rosie	Розi
character_hub_guard	Шон Квапига
character_floaty	Клео Джонсон
character_swimmer	Вiллi-купальщик
character_crab	Руката Габбi
character_crab_disguised	Клешорукий Джонс?
character_gran	Вибухова Харiэт
character_helpfulhelen	Зла Хелен
character_priest_glorious	Великий пророк
character_rusty	Растi
character_rosie_boss	Розi
character_acolyte_cutscene	Фанатик

# ----- Resources ----
resource_description_value	Цiна за штуку: $%1%{image money_small}.
resource_trashium	Смiттэрiй
resource_trashium_desc	Простiше кажучи, купа металобрухту, спаяна воэдино силами природи.
resource_copper	Мiдь
resource_copper_desc	Висока мiцнiсть та низький опiр мiдi роблять ïï ефективним i надiйним провiдником.
resource_cinnabar	Кiновар
resource_cinnabar_desc	Яскравий i отруйний сульфiд ртутi. Ранiше використовувався як барвник. З ним ви будете виглядати на вермiльон доларiв!
resource_ironium	Iронiум
resource_ironium_desc	У чистому виглядi досить м'який, але якщо пiдлити масла у вогонь, стаэ дуже жорстким.
resource_cornflorium	Волошка
resource_cornflorium_desc	У природi зустрiчаэться рiдко. Популярний у живописцiв нижнiх Нiдерландiв через красивий синiй вiдтiнок.
resource_obsidian	Iнгвiум
resource_obsidian_desc	Справжнiй вiртуоз iз магматичного сiмейства Мальмстiн.
resource_silver	Срiбло
resource_silver_desc	Якщо до вас у двiр зайде зграя перевертнiв, надiйнiшого захисту немаэ. А вони зайдуть, це тiльки питання часу.
resource_zoinkonium	Зойнконiй
resource_zoinkonium_desc	Цей яскравий мiнерал видiляэ легкий, але стiйкий запах меду.
resource_gold	Золото
resource_gold_desc	Королiвський метал. Викликаэ у шахтарiв золоту лихоманку. Вибiр iнвесторiв з 3000 р. до н.е.
resource_lazurite	Лазурит
resource_lazurite_desc	Крихкий мiнерал, який широко використовуэться як барвник.
resource_saturnium	Сатурнiй
resource_saturnium_desc	Фермери вiрять, що вiн добре впливаэ на врожай, i обкладають ним поля пiд час посiву.
resource_plutonium	Плутонiй
resource_plutonium_desc	Широко використовувався в кiнцi Великих Бомжацьких Воэн. Схилив терези в нiчию користь. Всупереч поширеному мiфу, до диснеïвськоï собаки вiдношення не маэ.
resource_meteorum	Метеорит
resource_meteorum_desc	Вперше виявлений бiля маэтку на розi Гiлберт-авеню i Вiнник-стрiт.
resource_unobtainium	Недостанiй
resource_unobtainium_desc	Його нiхто не змiг отримати, i даних про нього немаэ. Вибачте.
resource_darkmatter	Темна матерiя
resource_darkmatter_desc	Мама вас про таке попереджала. Часто знаходиться бiля дешевих барiв i... Ой, нi. Помилочка вийшла.

resource_sodium	Сода
resource_sodium_desc	Бiлий порошок. Тривалий контакт призводить до зневоднення.
resource_aluminium	Алюмiнiй
resource_aluminium_desc	Найобширнiшi запаси на планетi. Найпоширенiший метал. З нього виходять чудовi контейнери для традицiйних напоïв людськоï раси.

resource_beryl	Берил
resource_beryl_desc	Кажуть, вiн допомагаэ втiлити мрiï i бажання та знищуэ негативну енергiю.
resource_azurite	Голубець
resource_azurite_desc	 Тiльки от ïсти його не треба.
resource_tremolite	Тремолiт
resource_tremolite_desc	 До музики вiдношення не маэ. До хвороб теж.
resource_topaz	Топаз
resource_topaz_desc	Наповнюэ простiр теплою аурою розумiння i турботи. Фiолетовий рiзновид дуже рiдкiсний.
resource_ametrine	Аметрин
resource_ametrine_desc	Рiдкiсний камiнь. Подейкують, володiэ дивними властивостями. Найбiльший екземпляр, як стверджують, зберiгаэться в склепi iспанськоï королеви.
resource_diamond	Дiамант
resource_diamond_desc	Класика. Холодний i твердий, як обiйми Маргарет Тетчер. Ваш найкращий друг, навiть якщо ви не жiнка.
resource_bismuth	Вiсмут
resource_bismuth_desc	Вiдкритий алхiмiками в XV столiттi. Його часто плутають зi свинцем i з першим рейхсканцлером Нiмеччини.
resource_imagenite	Уявит
resource_imagenite_desc	Шахтарi так i не домовилися мiж собою, iснуэ вiн чи нi. Наука також поки не встановила iснування житнамарсiта.

resource_amethyst	Аметист
resource_amethyst_desc	Його блиск втiшить вас у горi, викличе емоцiйний пiдйом - i вiдправить на пошуки нового великого та чистого кохання.

resource_blooddrop	Кровавик
resource_blooddrop_desc	Концентрат гнiву примарних iстот.
resource_bloodstone	Кровавит
resource_bloodstone_desc	Вiдновлюэ яснiсть розуму.
resource_bloodrock	Кровавище
resource_bloodrock_desc	Згусток страху i недобрих намiрiв. Загострюэ почуття, але затуманюэ розум.

resource_vectron	Шифрування 5-1 16.17.4.8
resource_vectron_desc	x U G N W t M g n A N O M A L Y . j D z 6 k g D E S T I N A T I O N : R i B 6 s p j 1 0 U N V h q i a k m C B N j h E R P Y 5 q b b W 6 u U O r n l 7 B 3 1 l b 8 K 2 j 1 Y U 6 v 8 F U 2 l z J J 9 U N A U T H O R I Z E D c I U M v J P N n N 6 9 f E N l N M X L 5 U u A g b C 9 6 s J s i 3 u r h q c 4 S h E T k f 4 q N N n F 2 4 x n i n n T P N N J a r 1 l I D 0 u e u 0 j i L p B O c o P C a U X v B R 6 D M n W h 8 2 F F E w X E t C q 8 2 s 9 c o L w L V V H v u p n Z s V t y e D c H m D N p m S q p K w R q X 4 E b r R I S L L R 6 k f 6 6 i c a z a F H t 8 i U P D A T E D . 6 Y G E f T R L g l n q 3 v A 8 3 H G o 4 w S y 7 x n A 7 p l W L W 0 M 8 4 0 N g l y Z 9 v 5 p O 1 C c 1 s Q F m v P S a r 6 6 R 7 D H u j u G 7 z X y 4 Q
resource_vectron_02	Шифрування 5-2 10.15.9
resource_vectron_desc_02	y S 0 q l X l a s I 2 L 8 M V P Z 1 s F c 1 l M v U V P l z c P O S I T I V E a b c i g S x 5 Y 6 1 N T G E r U f H C l 9 a Y t w g w o E L x C 3 y R 7 G 6 z s g Y r k e y G V 4 A C X b E J E C T I N G r l D i Y J m K X Z X r a 2 c c C Q z q 4 i i D p I x A n o 7 y 1 t r 2 k Q b b 1 u g I I S 2 4 F Z n K v n n 2 B I N P Z O D K Y F z I G u O B u V L Z R x N 3 V 8 A 1 7 M 9 A O n A 1 l o h R 6 e 4 N M F p O f 9 T C I p r t N H o X 4 X T h f j 6 P 7 X f M J V U H c C B Q k x I O H i P G e v 7 5 5 W h L V L v 8 y f t v U C v a N 4 O Z T A o r b T V Q p C Z F J a I 6 J R u Y E 4 k R 7 y t M 6 J J j R i q H U X E 8 0 0 r E I 8 o I m 9 G 2 N 4 4 C I h e k e P O S S I B L E l y l V W g e t u G k I M b E t N U P U z v s
resource_vectron_03	Шифрування 5-3 7.3.14.5
resource_vectron_desc_03	Q n u 2 R K B F B 2 Z 5 c M q O 1 m F p W 0 a G V k W m a S u R 5 v 1 x M 3 w P z J w q I K e D J z j 7 U g 8 D s t 9 z y P W c v G O A L 7 C y X r V s b Q q U O 1 F b s v Z q 7 q c Y M f 4 M R i 2 3 b 9 e 7 V 0 y h A B 0 I N I T I A T E D . N 6 y b 9 K p m r e b B a R u E x R r z A 1 e w h 2 8 W T 1 K a q O j D 0 L G Y w c q 7 o 6 p S x q f j V 4 q u L z A R b g w D a e w n M Q J q R 7 O C h j E G S c N j x p y w h E 3 b z r h Q x y k 7 E a R c b 2 k n Q j Y B S t k j m m O N 3 w H 5 s j q I y N 1 T L n 4 W H H p b r j c u H 3 y 8 w A o e I 8 g x J T n i g e a H L 3 x 2 Z E R O . e 0 8 b V x h T o o P i D q 8 D i X V C o 7 g C 6 L S 2 V u U b U S A G E 1 c N c I c y V q A e
resource_vectron_04	Шифрування 5-4 12.18.2.1
resource_vectron_desc_04	V s c K N q 3 u J W z E g S V 5 y l u f M m y O 7 6 a w x P Y 4 s 8 i r G R E A T E R 6 M O O N j 6 z b M H r a c f w r O Q e a Z 0 C K W m 2 8 6 0 i D D C N 6 2 m 5 v C 2 h X L U q Y N 5 E K V 5 Z J 8 X a I A 5 R z m T V H u V q X 9 k B O O T m k I p G 9 9 Y L Z c 1 G c 9 p R S V C 2 m o A a O l L U 5 x N B o Q J A q t 5 Q 0 P h 0 7 3 M S m L 9 1 x Y D N n h a R p B P P H g S v p G f 0 v G T O n F Y r i v 3 t b W b j t f U Y K n w D 4 K 5 P 8 4 5 Q L e 5 2 S L 9 j D W 0 s Q f A E G p E r G L 2 f Q V a K 6 9 1 f X 9 V l M S 7 E t v o 0 z 0 4 y 4 h V I g j b L C E r p P Z P A u c 9 s h 7 3 H P k V 0 b x S u M F X 2 7 k D a h S 4 z R i S A F E b 2 M . 8 a A U e O Z t y O 2 J X 8 M 9 S 9 n J 5 U r r M f O G
resource_vectron_05	Шифрування 5-5 6.19.11.13
resource_vectron_desc_05	m x k 3 Y A m D E T E C T E D . y x 1 4 Z 6 n i 7 f o L N b Y 2 u A m j i Y W K Y Y F R W O U 9 I c u 1 A a m T E 8 X L a P f x 2 Z 0 N U N f U i f S T A T I O N . s a S g 6 4 x 6 l 4 a I l X u j o K 6 J D Y 9 w E o M T A Z H o g z m J T P M u q f I B C I e G x K 2 y v Z b S W D N U U X v 8 O J E l N q T H y O h U L s h W 4 U V o F A q j C F t E 4 9 O U T C O M E : i l e F C c 4 o c A h f 1 i t T 8 B e 1 V 9 h l W w 0 U 5 q p F R o L X a T o Q j r n P X Q c 9 B J H j Y p P q 5 j 6 F m J T e 1 W H Z t e I X G X 0 N F p R q a a 5 C b g 1 D p 2 o X j k A 9 F 0 l z T V K v V T 7 J p C w 5 P n f u w J c f h y M o 8 8 F e J t e 6 K 7 M 9 U r I Z i i D y L q R e c T H A N m 6 o s 5 t O y 0 k I l a S s U L

# ----- Upgrades ----
upgrade_lamp	Лiхтар
upgrade_broken_lamp	Розбитий лiхтар
upgrade_broken_lamp_desc	"""Розбився пiд час падiння. Потрiбно термiново полагодити або замiнити."""
upgrade_broken_lamp_next_level_desc	Щоб потрапити в шахту, потрiбно полагодити лiхтар.
upgrade_lamp_desc	Освiтлюэ все навколо. Витрачаэ пальне. Запаси можна поповнити в мiстi.
upgrade_lamp_next_level_desc	Якщо полiпшити лiхтар, можна знизити витрату пального.
upgrade_lamp_01	Поганенький лiхтар
upgrade_lamp_01_desc	"""Не зламаний, але цим справа i обмежуэться."""
upgrade_lamp_02	Шахтарський пальник
upgrade_lamp_02_desc	"""Свiтить довше, споживаэ менше."""
upgrade_lamp_03	Карбiдна лампа
upgrade_lamp_03_desc	"""Стабiльнiше горить, менше витрачаэ пальне."""
upgrade_lamp_04	Полярна зiрка
upgrade_lamp_04_desc	"""Гори, гори, моя зiрка!"""
upgrade_lamp_05	Свiтильник
upgrade_lamp_05_desc	"""У темрявi нiчний, при свiтлi дня рудi не сховатися вiд мене!"""
upgrade_lamp_06	Маяк
upgrade_lamp_06_desc	"""Пiдсилений розплавленим свинцем. Довговiчнiше звичайного."""
upgrade_lamp_07	Сонячне коло
upgrade_lamp_07_desc	"""Хай живе сонце, та зникне тьма! Радiус освiтлення збiльшений."""

upgrade_lamp_increased_area_01	Свiтлiше сонця
upgrade_lamp_increased_area_01_desc	Розширюэ радiус освiтлення.
upgrade_lamp_increased_area_01_flavor	"""Усiм вийти iз тiнi!"""
upgrade_lamp_light_pickup_01	Заклик
upgrade_lamp_light_pickup_01_desc	Шанс додаткових свiтлових сфер вiд переможених ворогiв.
upgrade_lamp_light_pickup_01_flavor	"""Випусти ïхнэ внутрiшнэ сонце!"""
upgrade_lamp_infinite_light_01	Чистий розум
upgrade_lamp_infinite_light_01_desc	Не даэ свiтлу падати нижче 50%%.
upgrade_lamp_infinite_light_01_flavor	"""Тiнi зникають... зараз."""
upgrade_lamp_damaging_light_01	Полум'я пекла
upgrade_lamp_damaging_light_01_desc	Завдаэ шкоди ворогам у радiусi освiтлення.
upgrade_lamp_damaging_light_01_flavor	"""Гори!"""
upgrade_lamp_lit_pickups_01	Полум'я Кубери
upgrade_lamp_lit_pickups_01_desc	Знахiдки сяють, щоб ïх легше було виявити.
upgrade_lamp_lit_pickups_01_flavor	"""Краще щось освiтлювати, нiж сяяти даремно."""
upgrade_lamp_lightning_reflexes	Рефлекс Гордона
upgrade_lamp_lightning_reflexes_desc	Збiльшуэ шанс автоматично ухилятися вiд падаючих каменiв i подiбних смертельних пасток.
upgrade_lamp_lightning_reflexes_flavor	"""Рятуйся з вогником!"""
upgrade_lamp_eye_for_weakness	Зрима крихкiсть
upgrade_lamp_eye_for_weakness_desc	"Посвiтивши на стiну, ви побачите тендiтнi дiлянки. Так i скажiть стiнi: ""Я тебе наскрiзь бачу"","
upgrade_lamp_eye_for_weakness_flavor	"""Люди будують занадто багато стiн i занадто мало мостiв."""

upgrade_pickaxe	Кирка
upgrade_pickaxe_desc	Основний iнструмент Доротi.
upgrade_pickaxe_next_level_desc	Покращiть кирку, щоб пiдвищити ïï ефективнiсть.
upgrade_pickaxe_01	Iржава кирка
upgrade_pickaxe_01_desc	"""Намахалась на своэму вiцi - це вже точно."""
upgrade_pickaxe_02	Залiзна кирка
upgrade_pickaxe_02_desc	"""Базовий iнструмент шахтаря."""
upgrade_pickaxe_03	Ухватиста кирка Бардура
upgrade_pickaxe_03_desc	"""Скромний, але мiцний товариш."""
upgrade_pickaxe_04	Кирка Кiрка
upgrade_pickaxe_04_desc	"""Космiчна капiтанська кирка. Вiрно, мiстере Спок?"""
upgrade_pickaxe_05	Кирка зi сплаву
upgrade_pickaxe_05_desc	"""Вуглецева сталь забезпечуэ iдеальний баланс."""
upgrade_pickaxe_06	Вольфрамова кирка
upgrade_pickaxe_06_desc	"""Iдеальна щiльнiсть та мiцнiсть для iдеального копання."""
upgrade_pickaxe_07	Кирка полярника
upgrade_pickaxe_07_desc	"""Мiцнiсть та ефективнiсть пiдвищенi. Те, що потрiбно для Крайньоï Пiвночi!"""
upgrade_pickaxe_08	Зразкова кирка
upgrade_pickaxe_08_desc	"""Iдеальна вага. Вiдчуття, що вона сама копаэ."""

upgrade_pickaxe_enemy_damage_01	Загострений край
upgrade_pickaxe_enemy_damage_01_desc	Додаткова шкода ворогам.
upgrade_pickaxe_enemy_damage_01_flavor	"""Рiжу - не можу!"""
upgrade_pickaxe_speed_01	Експрес-кирка
upgrade_pickaxe_speed_01_desc	Покращена аеродинамiка прискорюэ роботу.
upgrade_pickaxe_speed_01_flavor	"""Засверби, плече! Розмахнись, рука!"""
upgrade_pickaxe_resource_damage_01	Ресурсобiй
upgrade_pickaxe_resource_damage_01_desc	Додаткова шкода плиткам з ресурсами.
upgrade_pickaxe_resource_damage_01_flavor	"""Прийшов. Побачив. Нарубав."""
upgrade_pickaxe_knockback_01	Вiдпад i ульот
upgrade_pickaxe_knockback_01_desc	Вiдкидаэ ворогiв.
upgrade_pickaxe_knockback_01_flavor	"""Аста ла вiста, бейбi."""
upgrade_pickaxe_deflect_projectiles_01	Повернуто вiдправнику
upgrade_pickaxe_deflect_projectiles_01_desc	Перехоплюэ снаряди в повiтрi та змiнюэ ïхнiй напрямок.
upgrade_pickaxe_deflect_projectiles_01_flavor	"""Вам повертаючи ваш снаряд..."""
upgrade_pickaxe_fire	Полум'яна сокира
upgrade_pickaxe_fire_desc	Покращуэ шкоду та далекобiйнiсть кирки, дозволяэ завдавати бiльше шкоди. Можна використовувати i по-iншому...
upgrade_pickaxe_fire_flavor	"""Запалюй!"""
upgrade_pickaxe_bonus_xp	Пiк мисливця
upgrade_pickaxe_bonus_xp_desc	За кожного поваленого киркою ворога ви отримаэте +5 додаткового досвiду.
upgrade_pickaxe_bonus_xp_flavor	"""Якщо мисливець повернувся з грибами, краще не питай, як вiн пополював."""
upgrade_pickaxe_bounty	У пошуках наживи
upgrade_pickaxe_bounty_desc	За кожного вбитого киркою ворога ви отримаэте грошi.
upgrade_pickaxe_bounty_flavor	"""Однi полюють заради наживи, а iншi - заради самого полювання."""
upgrade_pickaxe_health_pickup	Цiлитель
upgrade_pickaxe_health_pickup_desc	Шанс отримати додатковi сфери здоров'я вiд ворогiв, убитих киркою.
upgrade_pickaxe_health_pickup_flavor	"""Приходь до мене лiкуватися, якщо вилетiла спиця..."""

upgrade_backpack	Рюкзак
upgrade_backpack_desc	Там лежать зiбранi каменi та руда.
upgrade_backpack_next_level_desc	Кожне полiпшення додаэ по комiрцi для самоцвiтiв i руди.
upgrade_backpack_01	Шахтарський рюкзак
upgrade_backpack_01_desc	"""Невеликий, але туди помiщаэться чимало руди та самоцвiтiв."""
upgrade_backpack_02	Мiшок з кротовоï шкури
upgrade_backpack_02_desc	"""Лише для справжнiх приборкувачiв."""
upgrade_backpack_03	Бездонний мiшок
upgrade_backpack_03_desc	"""Так i э. Чесно."""
upgrade_backpack_04	Троянський мiшок
upgrade_backpack_04_desc	"""Та в нього коня помiстити можна."""
upgrade_backpack_05	Сумка. Зроблено з розумом!
upgrade_backpack_05_desc	"""Мiсця вистачить на все!"""
upgrade_backpack_06	Переноска для гремлiна
upgrade_backpack_06_desc	"""Не годуйте пiсля пiвночi!"""
upgrade_backpack_07	Ельфiйська торба
upgrade_backpack_07_desc	"""Орач хороший в полi, видра - у водi, а для ходьби по травi, листю та снiгу потрiбна сумка!"""
upgrade_backpack_08	Одна на все - i все в одну!
upgrade_backpack_08_desc	"""Жарт, повторений двiчi, стаэ зрозумiлiшим. Але сумка-то хороша. Чесне слово."""
upgrade_backpack_09	Мамонтова сумка
upgrade_backpack_09_desc	"""Велика i волохата."""
upgrade_backpack_10	Сума сумоïста
upgrade_backpack_10_desc	"""Послухай схiдну мудрiсть. Наповни цю суму радiстю життя! Великим людям - великi сумки."""

upgrade_backpack_magnetic_pull_01	Магнiт-сепаратор
upgrade_backpack_magnetic_pull_01_desc	Притягуэ до вас вiдкритi ресурси.
upgrade_backpack_magnetic_pull_01_flavor	"""Акцiо все - i побiльше!"""
upgrade_backpack_extra_ore_01	Карман Фрейра
upgrade_backpack_extra_ore_01_desc	По додатковому шматку руди в кожну комiрку.
upgrade_backpack_extra_ore_01_flavor	"""Прозаïчно, поетично, чарiвно."""
upgrade_backpack_extra_gem_01	Подвiйна порцiя
upgrade_backpack_extra_gem_01_desc	Можна класти два каменi в комiрку.
upgrade_backpack_extra_gem_01_flavor	"""Малий гаманець, та дорогий."""
upgrade_backpack_discard_give_money_01	Грошi назад
upgrade_backpack_discard_give_money_01_desc	Викидаючи ресурс, ви отримуэте його вартiсть в монетах.
upgrade_backpack_discard_give_money_01_flavor	"""Вивiз металобрухту. Дорого."""
upgrade_backpack_discard_give_health	Друге дихання
upgrade_backpack_discard_give_health_desc	Викинувши ресурс, ви вiдновлюэте трохи здоров'я. За камiнь вiдновлюэться бiльше здоров'я, нiж за руду.
upgrade_backpack_discard_give_health_flavor	"""Позбудься зайвого, йди без нiчого."""
upgrade_backpack_lower_death_penalty_01	Смерть зi знижкою
upgrade_backpack_lower_death_penalty_01_desc	Вмираючи, ви втрачаэте менше ресурсiв.
upgrade_backpack_lower_death_penalty_01_flavor	"""Смерть не страшна!"""
upgrade_backpack_town_portal	Портал порятунку
upgrade_backpack_town_portal_desc	Можливiсть миттэво повернутися в Ель Макiно без втрати ресурсiв. Активуйте цю здатнiсть у системнiй вкладцi.\n\n{format bold}Не працюэ у печерах i коли вам загрожуэ небезпека. Значок здатностi {image town_portal_small} показуэ, коли можна ïï використати.{format reset}
upgrade_backpack_town_portal_flavor	"""Залишайся при своïх."""
upgrade_backpack_double_resources	Подвiйна веселка
upgrade_backpack_double_resources_desc	Шанс отримати два ресурси з однiэï плитки.
upgrade_backpack_double_resources_flavor	"""Двiчi так!"""
upgrade_backpack_pickup_money	Король волоцюг
upgrade_backpack_pickup_money_desc	Збираючи ресурси низькоï цiнностi, ви вiдразу ж отримуэте грошi. Чим нижче цiннiсть, тим бiльше грошей. Нiчого не отримаэте за ресурс дорожчий $7.
upgrade_backpack_pickup_money_flavor	"""Ми немов у казцi опинилися."""
upgrade_backpack_extra_value	Призова гра
upgrade_backpack_extra_value_desc	Продаючи ресурси, ви отримаэте на 30%% бiльше грошей.
upgrade_backpack_extra_value_flavor	"""Грошей кури не клюють!"""

upgrade_armor	Обладунки
upgrade_armor_desc	Захищають вас вiд небезпек глибин.
upgrade_armor_next_level_desc	Покращiть обладунки i збiльшiть запас здоров'я.
upgrade_armor_01	Листова броня
upgrade_armor_01_desc	"""Базовi обладунки. Нiчого особливого."""
upgrade_armor_02	Мiцнi обладунки
upgrade_armor_02_desc	"""Мiцнiше, нiж звичайнi, але i тiльки."""
upgrade_armor_03	Лати
upgrade_armor_03_desc	"""Чудовий захист у небезпечнiй ситуацiï."""
upgrade_armor_04	Загартований обладунок
upgrade_armor_04_desc	"""Класичний эвропейський гарт."""
upgrade_armor_05	Легендарний обладунок
upgrade_armor_05_desc	"""Наша нова знаменитiсть."""
upgrade_armor_06	Обладунок долi
upgrade_armor_06_desc	"""Обладунок для тих, кому i море по колiно."""
upgrade_armor_07	Мiсячний обладунок
upgrade_armor_07_desc	"""Вiн несе свiтло в iм'я... Загалом, з ним не пропадеш."""
upgrade_armor_08	Обладунок-фенiкс
upgrade_armor_08_desc	"""Повстань з попелу, обтрусись i засiяй."""

upgrade_armor_reduce_falldamage_01	Грацiя пуми
upgrade_armor_reduce_falldamage_01_desc	Скорочуэ шкоду пiд час падiння.
upgrade_armor_reduce_falldamage_01_flavor	"""Пiймай мене, адже ти зможеш."""
upgrade_armor_thorns	Карма
upgrade_armor_thorns_desc	Завдаэ шкоди всiм, хто атакуэ вас у ближньому бою.
upgrade_armor_thorns_flavor	"""Немаэ троянд без шипiв."""
upgrade_armor_guts	Майстер виживання
upgrade_armor_guts_desc	Пiсля першого смертельного удару замiсть смертi вiдбуваэться повне вiдновлення здоров'я. Здатнiсть вiдновлюэться в мiстi.
upgrade_armor_guts_flavor	"""У вогнi не горимо i у водi не тонемо!"""
upgrade_armor_resistliquids	Чоботи Вiдара
upgrade_armor_resistliquids_desc	Ненадовго даэ iмунiтет до кислоти та лави.
upgrade_armor_resistliquids_flavor	"""Цим чоботам не страшнi нi кислота, нi лава."""
upgrade_armor_damage_reduction	Надкомпозитна броня
upgrade_armor_damage_reduction_desc	Знижуэ одержувану шкоду.
upgrade_armor_damage_reduction_flavor	"""Не захищаэ хiба що вiд карiэсу."""
upgrade_armor_rainbow_orbs	Ядерна рiзноманiтнiсть
upgrade_armor_rainbow_orbs_desc	Текуча кольорова броня, яка даэ маленький шанс отримати 3 райдужних сфери при кожнiй перемозi над ворогом.
upgrade_armor_rainbow_orbs_flavor	"""Неважливо, хто ти, звiдки i що копаэш. Головне, щоб костюмчик сидiв."""
upgrade_armor_deflect	Арамiдна броня
upgrade_armor_deflect_desc	Вiдбиваэ перший влучивший у вас снаряд. Вiдновлюэться за 30 секунд.
upgrade_armor_deflect_flavor	"""Хто обзиваэться, сам так називаэться."""

upgrade_watertank	Водяна цистерна
upgrade_watertank_desc	Багато iнструментiв працюють на водi. Ïï запаси можна поповнити у водних резервуарах в шахтi.
upgrade_watertank_next_level_desc	Полiпшення цистерни збiльшуэ ваш запас води.
upgrade_watertank_01	Проста банка
upgrade_watertank_01_desc	"""Базове пристосування паровоï технологiï."""
upgrade_watertank_02	Клапан Мелвiла
upgrade_watertank_02_desc	"""Технологiя з нальотом класики."""
upgrade_watertank_03	Акварiус
upgrade_watertank_03_desc	"""Iстина - у водi!"""
upgrade_watertank_04	Королiвський бак
upgrade_watertank_04_desc	"""Потоп? Хто сказав про потоп?"""
upgrade_watertank_05	Наутилус 2
upgrade_watertank_05_desc	"""Двадцять тисяч лiтрiв води."""

upgrade_watertank_water_pickup_01	Водяник
upgrade_watertank_water_pickup_01_desc	Шанс додаткових водяних сфер вiд переможених ворогiв.
upgrade_watertank_water_pickup_01_flavor	"""Здаэться, дощ починаэться..."""
upgrade_watertank_improved_water_pump	Водокачка
upgrade_watertank_improved_water_pump_desc	Швидше поглинаэ воду з водойм.
upgrade_watertank_improved_water_pump_flavor	"""Хто вiзьме деталей пачку, той одержить..."""
upgrade_watertank_water_condenser	Випарник
upgrade_watertank_water_condenser_desc	Перетворюэ вологу в потiк води, вiдновлюючи вашi запаси.
upgrade_watertank_water_condenser_flavor	"""Шахта туманна, вологою покрита..."""
upgrade_watertank_light_orbs_to_water	Верхи на бурi
upgrade_watertank_light_orbs_to_water_desc	Це обладнання перетворюэ свiтловi сфери у водянi. Не дiэ на райдужнi сфери.
upgrade_watertank_light_orbs_to_water_flavor	"""Свiтло у воду, потiм воду на вино. Старий фокус, про нього всi читали."""
upgrade_watertank_regeneration	Водяна регенерацiя
upgrade_watertank_regeneration_desc	Вiдновлюэ здоров'я у водоймах.
upgrade_watertank_regeneration_flavor	"""Поверни мене до життя."""

upgrade_minimap	Мапа
upgrade_minimap_desc	Показуэ, де ви були i куди йдете.
upgrade_minimap_01	Мапа
upgrade_minimap_01_desc	"""Все, що вам потрiбно, - це план, дорожня мапа i смiливiсть йти до мети."""

upgrade_minimap_quest_pointer	Вiдмiтки на мапi
upgrade_minimap_quest_pointer_desc	Показуэ на мапi позначки ({image quest_pointer_arrow} i {image quest_pointer_crosshair}), направляючi до цiлей вашоï мiсiï. \n\n{format bold}Якщо ви не любите, коли вам вказують, вимкнiть цю модифiкацiю.{format reset}
upgrade_minimap_quest_pointer_flavor	"""Не знаю, хлопцi, я сам тут вперше..."""

upgrade_minimap_mineral_detector	Мапа мiнералiв
upgrade_minimap_mineral_detector_desc	Вiдкриваэ всi ресурси на мiнi-мапi.
upgrade_minimap_mineral_detector_flavor	"""Сезам, вiдкрийся!"""
upgrade_minimap_hp_bar	Око Одiна
upgrade_minimap_hp_bar_desc	При нанесеннi шкоди ворогу показуэ, скiльки у нього залишилося здоров'я.
upgrade_minimap_hp_bar_flavor	"""Головного очима не побачиш, гострозоре лише серце."""

upgrade_run_boots	Бiгова гiдравлiка
upgrade_run_boots_desc	Щоб бiгти, утримуйте пiд час руху {indicator run}.\nБiг дозволяэ швидше рухатися та вище стрибати.
upgrade_run_boots_flavor	"""Ще трохи швидше - i ми переженемо час!"""

upgrade_buddy	Фен
upgrade_buddy_desc	Таэмничий привид, який оселився у вашому паровому котлi.

upgrade_fate	Машина долi
upgrade_fate_desc	Таэмничi модифiкацiï, що змiнюють устрiй свiту.
upgrade_fate_flavor	"""Зречемося старого свiту!"""
upgrade_fate_bloodquest	{image danger}Кривавий шлях{image danger}
upgrade_fate_bloodquest_desc	Видобуток цiною кровi!\nПодвоюэ шанс отримати кровавики пiд час загибелi ворога, але при цьому збiльшуэ шкоду.\n\n{format bold}Активацiя цiэï модифiкацiï ускладнить виконання мiсiй. Пiдходить тiльки досвiдченим бiйцям.{format reset}
upgrade_fate_bloodquest_flavor	"""Двосiчний меч."""
upgrade_fate_xpx2	{image danger}У гонитвi за ризиком{image danger}
upgrade_fate_xpx2_desc	Подвоюэ досвiд за вбивства, але сфери ви отримаэте тiльки за креативнi вбивства та бонуси.\n\n{format bold}Активацiя цiэï модифiкацiï ускладнить виконання мiсiй. Пiдходить тiльки досвiдченим бiйцям.{format reset}
upgrade_fate_xpx2_flavor	"""Важкий шлях, але висока нагорода."""
upgrade_fate_explosions	{image danger}Смертевибух{image danger}
upgrade_fate_explosions_desc	Вороги вибухають, коли вмирають.\n\n{format bold}Активацiя цiэï модифiкацiï ускладнить виконання мiсiй.{format reset}
upgrade_fate_explosions_flavor	"""Та буде вибух!"""
upgrade_fate_resource_exploder	Перехресний вибух
upgrade_fate_resource_exploder_desc	Розбиваючи плитки з ресурсами, кирка спричиняэ вибух, що ушкоджуэ сумiжнi плитки.
upgrade_fate_resource_exploder_flavor	"""Хрестики, нулики... вибух."""
upgrade_fate_hell_cave_sigil	Фiгури райськi та пекельнi
upgrade_fate_hell_cave_sigil_desc	Вершина самотностi в пустелi,\nНе легкий шлях серед пiскiв небезпечних.\nТвоя доля на небесах вiднинi,\nПрихована в мiсцi дивному i прекрасному.
upgrade_fate_hell_cave_sigil_flavor	"""Доля, йдемо зi мною."""

upgrade_steampack	Реактивний двигун
upgrade_steampack_desc	Щоб летiти, утримуйте {indicator jump}.\nЕкспериментальний двигун внутрiшнього згоряння не споживаэ воду, але швидко перегрiваэться.
upgrade_steampack_next_level_desc	Покращiть реактивний двигун, щоб рухатися довше.
upgrade_steampack_01	Secord Mod 38
upgrade_steampack_01_desc	"""Базовий чотирьохцилiндровий двигун."""
upgrade_steampack_02	Подвiйний циклон
upgrade_steampack_02_desc	"""Iнверсний, з повiтряним охолодженням."""
upgrade_steampack_03	Le Rhône 69
upgrade_steampack_03_desc	"""Комбiнована повiтряно-водяна система охолодження. Все - або нiчого."""

upgrade_steampack_slayer	Повiтряно-реактивна сила
upgrade_steampack_slayer_desc	Використання реактивного двигуна завдаэ шкоди ворогам i крихким плиткам поруч з вами.
upgrade_steampack_slayer_flavor	"""А замiсть серця - полум'яний мотор!"""
upgrade_steampack_feather_fall	Стабiлiзатор швидкостi
upgrade_steampack_feather_fall_desc	Коли реактивний двигун перегрiваэться, утримуйте {indicator jump}, щоб зменшити швидкiсть падiння.
upgrade_steampack_feather_fall_flavor	"""Цього разу спробуйте не розбитися."""
upgrade_steampack_boost	Повний форсаж
upgrade_steampack_boost_desc	Збiльшуэ швидкiсть реактивного двигуна, то ж тапку в пiдлогу i слухайте радiсний рев.
upgrade_steampack_boost_flavor	"""Гальма придумав боягуз."""
upgrade_steampack_in_air_cooling	Повiтряне охолодження
upgrade_steampack_in_air_cooling_desc	Вiдпустiть {indicator jump} в польотi, щоб охолодити двигун. Виготовлено з холодним розрахунком.
upgrade_steampack_in_air_cooling_flavor	"""Лети, лети, пелюсток... Не перегрiвайся!"""

upgrade_pressurebomb	Газова бомба
upgrade_pressurebomb_desc	Можна кидати вперед, вгору i вниз. Витрачаэ воду.\nЩоб кинути, натиснiть {indicator tool_pressurebomb}!
upgrade_pressurebomb_next_level_desc	Покращiть газовi бомби, щоб збiльшити далекобiйнiсть.
upgrade_pressurebomb_01	Осмотичний код
upgrade_pressurebomb_01_desc	"""Високий тиск даэ силу удару... I проблеми зi здоров'ям."""
upgrade_pressurebomb_02	Гiдростатика Сколандера
upgrade_pressurebomb_02_desc	"""Ïï можна кидати ще далi!"""
upgrade_pressurebomb_03	Кислотна бомба
upgrade_pressurebomb_03_desc	"""Не плутати з кислою мiною."""
upgrade_pressurebomb_04	Бомба-бабах
upgrade_pressurebomb_04_desc	"""Не просто вибух, а з прибабахом! Ви не повiрите, але вони лiтають ще далi!"""

upgrade_pressurebomb_brickbreaker	Вибуховi пакети
upgrade_pressurebomb_brickbreaker_desc	Бомби будуть пiдривати ще бiльш твердi породи!
upgrade_pressurebomb_brickbreaker_flavor	"""Бачу цiль, не бачу перешкод!"""
upgrade_pressurebomb_launcher	Гранатомет
upgrade_pressurebomb_launcher_desc	Утримуйте {indicator tool_pressurebomb}. Граната полетить по дузi та спричинить масовi руйнування.
upgrade_pressurebomb_launcher_flavor	"""Здiймiться вогнищами, бочки з бензином..."""
upgrade_pressurebomb_improved_water	Знижка
upgrade_pressurebomb_improved_water_desc	Скорочуэ витрату води вдвiчi.
upgrade_pressurebomb_improved_water_flavor	"""Головне - не вихлюпнути дитину."""
upgrade_pressurebomb_water_pickup	Дуже Мокра Бомба
upgrade_pressurebomb_water_pickup_desc	Плитки, зруйнованi бомбами, дають додаткову водяну сферу.
upgrade_pressurebomb_water_pickup_flavor	"""Я як бомба в океанi..."""
upgrade_pressurebomb_increased_radius	Надтиск
upgrade_pressurebomb_increased_radius_desc	Вибухова хвиля вiд бомби знищуэ ворогiв у бiльшому радiусi.
upgrade_pressurebomb_increased_radius_flavor	"""Вогняне коло, вибухи навколо..."""
upgrade_pressurebomb_self_immunity	Щеплення Молотова
upgrade_pressurebomb_self_immunity_desc	Не даэ бомбам завдавати шкоди вам.
upgrade_pressurebomb_self_immunity_flavor	"""Я щеплень не боюся, Якщо треба, не вибухну."""
upgrade_pressurebomb_launcher_triple	Потроэна граната
upgrade_pressurebomb_launcher_triple_desc	Пiд час кидання пневмогранати ця потрiйна штучка випустить три гранати вiдразу!
upgrade_pressurebomb_launcher_triple_flavor	"""Одна голова добре, а три багато!"""
upgrade_pressurebomb_air_bomb	Небесна атака
upgrade_pressurebomb_air_bomb_desc	Даэ можливiсть використати газовi бомби в польотi. Вперед, небо кличе, кидайте бомби з безпечноï вiдстанi!
upgrade_pressurebomb_air_bomb_flavor	"""До речi про пташок... Добре, що корови не лiтають."""



upgrade_jackhammer	Вiдбiйний молоток
upgrade_jackhammer_desc	Чудовий iнструмент для розкопок i руйнування твердих порiд. А ось проти ворогiв марний. Витрачаэ воду. Утримуйте {indicator tool_jackhammer}, щоб пiдвищити потужнiсть!
upgrade_jackhammer_next_level_desc	Покращiть вiдбiйний молоток, щоб пiдвищити його ефективнiсть.
upgrade_jackhammer_01	Ковальський молот
upgrade_jackhammer_01_desc	"""Кожен - сам коваль свого щастя!"""
upgrade_jackhammer_02	Титанiчний бур
upgrade_jackhammer_02_desc	"""Пiдвищена ефективнiсть: бiльше гуркоту на вiдро води."""
upgrade_jackhammer_03	Переможець
upgrade_jackhammer_03_desc	"""Наконечник посилений побiдитом. Його нiкому не перемогти."""
upgrade_jackhammer_04	Поклик Мйольнiра
upgrade_jackhammer_04_desc	"""Космос i хаос кличуть."""

upgrade_jackhammer_improved_water	Сухий, як лист
upgrade_jackhammer_improved_water_desc	Скорочуэ витрату води вдвiчi.
upgrade_jackhammer_improved_water_flavor	"""Жарко, але не парко."""
upgrade_jackhammer_faster_windup	Синтетичне мастило
upgrade_jackhammer_faster_windup_desc	Прискорюэ запуск вiдбiйного молотка.
upgrade_jackhammer_faster_windup_flavor	"""Пiде як по маслу!"""
upgrade_jackhammer_faster_maxspeed	Олiмпiйський цилiндр
upgrade_jackhammer_faster_maxspeed_desc	Покращений пневматичний цилiндр. Пiдвищуэ максимальну швидкiсть роботи, витрачаючи бiльше води.
upgrade_jackhammer_faster_maxspeed_flavor	"""Вище! Далi! Швидше!"""
upgrade_jackhammer_push	Керування потоком
upgrade_jackhammer_push_desc	Рухаэ вас вперед, коли вiдбiйний молоток пробиваэ породу.
upgrade_jackhammer_push_flavor	"""Мiй молоток вперед летить!"""
upgrade_jackhammer_shockwave	Сейсмовибух
upgrade_jackhammer_shockwave_desc	Вiдбiйний молоток руйнуэ кiлька плиток пiдряд.
upgrade_jackhammer_shockwave_flavor	"""Одним махом сiмох розбивахом!"""
upgrade_jackhammer_slower_winddown	Тихохiд
upgrade_jackhammer_slower_winddown_desc	Продовжуэ iнерцiю: вiдбiйний молоток пiсля вмикання працюэ довше.
upgrade_jackhammer_slower_winddown_flavor	"""Тихiше ïдеш - далi будеш."""

upgrade_hook	Кiшка
upgrade_hook_desc	Щоб використати, натиснiть {indicator tool_hookshot}. Пiдтягуэ в зазначеному напрямку. Можна використовувати проти ворогiв i отримувати рiзнi ефекти.
upgrade_hook_next_level_desc	Покращення збiльшують радiус дiï.
upgrade_hook_01	Кiшка
upgrade_hook_01_desc	"""Зачепив - пiдтягнувся. Приблизно так вона i працюэ."""
upgrade_hook_long	Далекобiйна кiшка
upgrade_hook_long_desc	Кiшка летить далi та чiпляэться краще!
upgrade_hook_long_flavor	"""Вище тiльки стеля."""

# ----- Quests ----
quest_get_to_elmachino	~Потрапити в Ель Макiно~
quest_talk_to_mayor	~Поговорити з мером~

quest_gather_resources	~Добувати ресурси~
obj_gather_resources	Зiбрано: $%1%{image money_small_up} / $%2%{image money_small_up}

quest_sell_resources	~Продати ресурси~

quest_fix_lamp	~Полагодити лiхтар~

quest_lit_the_lamp	~Увiйти в Архею~
quest_find_teleporter	~Полагодити пневмотрубу~
quest_investigate_cave_in	~Розчистити прохiд~
quest_get_pressurebomb	~Знайти вибухiвку~
quest_clear_cave_in	~Розчистити прохiд~
quest_get_jackhammer	~Знайти станцiю~

quest_report_to_mayor	~Поговорити з мером~

quest_find_the_hub	~Увiйти в мiсто бомжiв~

quest_talk_to_rosie	~Поговорити з Розi~
quest_get_grapplinghook	~Увiйти на станцiю~
quest_find_rocketeer	~Знайти маленького бота~
quest_enter_firetemple	~Увiйти в схiдний храм~
quest_kill_priest	~Битися з Пророком~
quest_destroy_temple_generators	~Вимкнути машину~

quest_enter_vectron	~Дослiдити Вектрон~
quest_report_to_rosie_vectron1	~Повернутися в Оазис~

quest_hubtube	~Знайти iнший вхiд~
quest_confront_rosie	~Битися з Розi~
quest_destroy_the_last_generators	~Знищити машини~

quest_objective_in_progress	{image objective_in_progress}
quest_objective_finished	{image objective_finished}

# -- %1% is finished sub-objectives, %2% is sub-objective count, %3% is either quest_objective_in_progress or quest_objective_finished
quest_destroy_the_last_generators_objective_guidance	Захiдний храм %3%
quest_destroy_the_last_generators_objective_fire	Схiдний храм %3%
quest_destroy_the_last_generators_objective_yarrow	Ярроу %3%

# ----- Banners -----
banner_bonusup	Бонус за продаж!
banner_bonusup_text	Бонус: %1%%%
banner_levelup	Вiдкрито новi полiпшення!
banner_levelup_text	Придбати в майстернi
banner_gain_ability	%1%!
banner_died_header	Ви на звалищi
banner_blueprint_header	{image cogs_up} %1%
banner_blueprint_text_in_tools	Модифiкацiï: {indicator_high menu_next_tab}
banner_blueprint_text_other	Використати в майстернi
banner_teleport_header	Вiдкрита транспортна пневмотруба!
banner_secret_header	Вiдкрита секретна зона!
banner_artifact_text	Додано в колекцiю

# ----- Popups -----
popup_died	Повернутися
popup_died_lost_all_text	Ви загинули та втратили всi зiбранi ресурси.
popup_died_lost_some_text	Ви загинули та втратили частину зiбраних ресурсiв.
popup_died_lost_none_text	Ви загинули, але не втратили ресурси.
popup_died_end_text	\nВи повернетеся в мiсто.

popup_died_checkpoint_title	Спробуйте ще раз!
popup_died_checkpoint_text	Ви повернетеся до останньоï мiтки.

popup_inventory_discard_title	Викинути
popup_inventory_discard_text	Викинути ресурси (%1% x %2%)?\n\nПовернути ïх не вдасться.
popup_inventory_discard_give_money_text	Викинути ресурси (%1%x %2%)?\n\nЗа викинутi ресурси ви отримаэте $%3%{image money_small} (з $%4%{image money_small}).
popup_inventory_discard_give_health_text	Викинути ресурси (%1% x %2%)?\n\nЗа викинутi ресурси ви вiдновите %3% здоров'я.
popup_inventory_discard_give_money_and_health_text	Викинути ресурси (%1%x %2%)?\n\nЗа викинутi ресурси ви отримаэте $%3%{image money_small} (з $%4%{image money_small}) i вiдновите %5% здоров'я.

popup_find_map_title	Мапа
popup_find_map_text	Щоб знайти мапу свiту, натиснiть {indicator menu_pause}.

popup_press_input_title_gamepad	Призначити кнопку
popup_press_input_title_keyboard	Призначити клавiшу
popup_press_input_text_gamepad	Щоб призначити кнопку на дiю, натиснiть ïï.\n\nЩоб скасувати натиснiть {indicator menu_pause}.
popup_press_input_text_keyboard	Щоб призначити клавiшу на дiю, натиснiть ïï.\n\nЩоб скасувати натиснiть {indicator menu_pause}.
popup_wrong_input_type_title	Невiрний тип введення
popup_wrong_input_type_text	Не можна мiняти мiсцями геймпад i клавiатуру з мишею.
popup_error_mouse_left_title	Кнопка зайнята
popup_error_mouse_left_text	Не можна призначити лiву кнопку мишi.

popup_tools_screen_buy_upgrade_title	Придбати модифiкацiю?
popup_tools_screen_buy_upgrade_text	%1% коштуэ $%2%{image money_small}. Придбати?

popup_tools_screen_enable_cog_title	Вибрати модифiкацiю.
popup_tools_screen_enable_cog_text	Ця модифiкацiя ускладнить виконання мiсiй. Але може бути весело!\n\nВибрати цю модифiкацiю?

popup_difficulty_title	Виберiть складнiсть
popup_difficulty_newgame_text	Виберiть рiвень складностi.\nСкладнiсть можна буде змiнити в будь-який момент.
popup_difficulty_change_text	Виберiть рiвень складностi.\nПоточний рiвень: %1%.

# ----- Menus -----
main_menu_start	Почати гру
main_menu_options	Параметри
main_menu_extras	Додатково
main_menu_exit	Вихiд

menu_profile_slot_empty_header	Створити гру
menu_profile_slot_empty_details	Нова пригода
menu_profile_header	Гра
menu_profile_header_corrupt	Профiль пошкоджений
menu_profile_corrupt_desc	Не вдалося завантажити
popup_info_profile_corrupt_title	Профiль пошкоджений
popup_info_profile_corrupt_text	Не вдалося завантажити профiль

menu_profile_delete	Видалити збереження
menu_profile_continue	Продовжити
menu_profile_start	Почати гру
menu_profile_money	$%1% {image money_profile}
menu_profile_cogs	%1% {image cogs_profile}
menu_profile_artifacts	%1% / %2% {image artifacts_profile}
menu_profile_secrets_header	Таэмницi

menu_credits	Автори
menu_contact	Контакти

popup_confirm_erase_profile_title	Видалити профiль?
popup_confirm_erase_profile_text	Профiль кане в пiтьму навiки... Продовжити?

menu_gamepad_info	Найкраще грати з геймпада. Хапайте його - i копайте!

menu_epilepsy_info_header	УВАГА: СВIТЛОЧУТЛИВIСТЬ/ЕПIЛЕПСIЯ
menu_epilepsy_info_text	"Ця гра мiстить сцени, здатнi спровокувати приступ епiлепсiï. \n\nЩоб мiнiмiзувати ризик, встановiть прапорець ""Вимкнути мерехтiння"" в меню параметрiв."

menu_xp_level	Рiвень %1%
menu_xp_tonext	Далi: %1% досвiду
xp_bar_level_up	НОВИЙ РIВЕНЬ!

ui_status_label_hits	{image hits} x %1%
ui_status_inventory_full	Недостатньо мiсця

menu_statusui_currency_cogs	{format header_drop}%1%
menu_statusui_currency_money	{format header_drop}$%1%
menu_statusui_currency_cogs_presentation	{format currency_presentation}+%1%
menu_statusui_currency_money_presentation	{format currency_presentation}+$%1%
menu_statusui_currency_cogs_presentation_negative	{format currency_presentation_negative}-%1%
menu_statusui_currency_money_presentation_negative	{format currency_presentation_negative}-$%1%

menu_currency_money	$%1% {image money}
menu_currency_money_small	$%1%{image money_small}

menu_sell_resources_stack	x %1%
menu_sell_resources_bonus	Бонус: %1%%%
menu_sell_resources_value	Продати за:

# ------ Contact Menu -----
menu_contact_top_header	Давайте поговоримо!
menu_contact_text	Ласкаво просимо в SteamWorld! Ми спiвробiтники Image & Form, i це завдяки вам у нас э робота. Хочете щось сказати? Обговорити? Напишiть нам. Ми на зв'язку майже весь час, вам не доведеться довго чекати вiдповiдi.
menu_contact_signature	– Brjánn, CEO
menu_twitter_text	Twitter: @imageform
menu_facebook_text	Facebook: Image & Form Games
menu_youtube_text	YouTube: youtube.com/c/imageform
menu_website_text	Сайт: www.imageform.se
menu_email_text	Е-мейл: info@imageform.se

# ------ Post-Game Ranking Screen -----
menu_ranking_header	Рейтинг
menu_ranking_playtime	Час
menu_ranking_deaths	Смертей
menu_ranking_networth	Капiтал
menu_ranking_secrets	Таэмницi
menu_ranking_close	Закрити


# ------ Map Screen -----
menu_map_header	Мапа
menu_map_secrets	%1%\nТаэмницi: %2%%%
menu_map_no_secrets	%1%
menu_map_legend_player	Доротi
menu_map_legend_door	Дверi
menu_map_legend_tube	Труба
menu_map_legend_cave	Печера
menu_map_legend_cave_done	Печера пройдена
menu_map_legend_quest	Мiсiя

menu_teleport_prompt	Вперед
menu_quest_sequence_done_prompt	Продовжити
menu_quick_hub_teleport	Повернутися (Ель Макiно)
menu_quick_return_teleport	Останнэ розмiщення

menu_map_zoom	Наблизити/вiддалити

# ------ Transport Tube Names -----

tube_teleporter_yarrow_2_tumblers_01	Виблискуюча штольня
tube_teleporter_yarrow_2_tumblers_02	Над Кислотним болотом
tube_teleporter_yarrow_2_lock_01	Пiд Кислотним болотом
tube_teleporter_yarrow_2_spitters	Грибний ставок
tube_teleporter_yarrow_2_bats	Комарино-мiнне поле
tube_firetemple_teleporter_01	Вхiд у шахту
tube_firetemple_teleporter_02	Конвеэрний лабiринт
tube_firetemple_teleporter_03	Лавовий коридор
tube_firetemple_teleporter_04	Вiвтар големiв
tube_firetemple_teleporter_05	Усерединi храму
tube_firetemple_teleporter_06	Навiсний лава-сад
tube_firetemple_teleporter_09	Велика рiка лави
tube_firetemple_teleporter_08	Вхiд у арсенал
tube_firetemple_teleporter_07	Вхiд до пiдвалу
tube_firetemple_teleporter_10	Внутрiшнэ святилище
tube_archaea_teleporter_01	Краснокаменний штрек
tube_archaea_teleporter_02	Розплiдник кактусiв
tube_archaea_teleporter_03	Над стiною
tube_archaea_teleporter_04	Пiд стiною
tube_archaea_teleporter_05	Застава нижньоï шахти
tube_archaea_teleporter_06	Нижнiй рiвень шахти
tube_eastdesert_teleporter_01	Вхiд у храм
tube_thehub_teleporter_01	Оазис
tube_elmachino_teleporter_01	Ель Макiно
tube_templeofguidance_teleporter_01	Шахта Нижнього храму
tube_temple_of_guidance2_teleporter	Цистерна храму

# ------ Upgrades Screen -----

menu_upgrades_header_cogs	Модифiкацiï
menu_upgrades_header_upgrades	Покращення

menu_upgrades_minor_prompt_insertcogs	Вставити Шестерiнка
menu_upgrades_minor_prompt_removecogs	Видалити Шестерiнка

menu_upgrades_price	$%1%{image money_up}
menu_upgrades_level	Потреб. Рiвень %1%
menu_upgrades_maxed	МАКС.
menu_upgrades_tooltier	Ступiнь %1% %2%

menu_upgrades_switch_to_cogs	До модифiкацiй
menu_upgrades_switch_to_upgrade	До полiпшень
menu_upgrades_buy_upgrade	Придбати покращання
menu_upgrades_cogs_slot	Поставити модифiкацiю
menu_upgrades_cogs_unslot	Зняти модифiкацiю

menu_upgrades_lockedupgrade	(Недоступно)
menu_upgrades_desc_minor_upper_needlevel	{format upgrade_locked}- Потрiбно: %2% %1% ступенi -{format reset}
menu_upgrades_desc_minor_upper_needworkbench	{format upgrade_locked}- Встановити можна у майстернi -{format reset}
menu_upgrades_desc_minor_upper_needcog	{format upgrade_locked}- Потрiбна {image cogs_small} Шестерiнка -{format reset}
menu_upgrades_desc_minor_upper_needcogs	{format upgrade_locked}- Потрiбнi {image cogs_small} Шестерiнки: %1% -{format reset}
menu_upgrades_desc_minor_upper_havecog	- Можна вiдкрити за 1 {image cogs_small} -
menu_upgrades_desc_minor_upper_havecogs	- Можна вiдкрити за %1% {image cogs_small} -
menu_upgrades_desc_minor_upper_nocogs	- Безкоштовно -
menu_upgrades_desc_minor_upper_cogged_needworkbench	{format upgrade_locked}- Зняти можна в майстернi -{format reset}
menu_upgrades_desc_minor_upper_cogged	- Встановлено -

menu_upgrades_desc_minor_header_needblueprint	???
menu_upgrades_desc_minor_upper_needblueprint	{format upgrade_locked}- Потрiбно креслення -{format reset}
menu_upgrades_desc_minor_needblueprint	Ця модифiкацiя потребуэ креслення.

menu_upgrades_desc_major_upper_needlevel	{format upgrade_locked}- Нове покращання доступне на %1% рiвнi -{format reset}
menu_upgrades_desc_major_upper_cantafford	{format upgrade_locked}- За покращання потрiбно вiддати $%1%{image money_small} -{format reset}
menu_upgrades_desc_major_upper_price	- За покращання потрiбно вiддати $%1%{image money_small} -
menu_upgrades_desc_major_upper_needworkbench	{format upgrade_locked}- Полiпшити в майстернi за $%1%{image money_small} -{format reset}
menu_upgrades_desc_major_upper_needlevel_us	{format upgrade_locked}- Вiдкриваэться на рiвнi %1% -{format reset}
menu_upgrades_desc_major_upper_cantafford_us	{format upgrade_locked}- Доступно за $%1%{image money_small} -{format reset}
menu_upgrades_desc_major_upper_price_us	- Цiна: $%1%{image money_small} - 

menu_upgrades_desc_major_upper_max	Цей iнструмент полiпшений до максимального ступеня.
menu_upgrades_desc_major_upper_cantupgrade	Цей iнструмент не можна полiпшити.

menu_upgrades_desc_major_header_unavailable	???
menu_upgrades_desc_major_upper_unavailable	{format upgrade_locked}- Недоступно -{format reset}
menu_upgrades_desc_major_unavailable	Полiпшення ще не вiдкрито.

menu_upgrades_desc_major_upper_tier	- Ступiнь %1% %2% -

menu_upgrades_desc_unlock_cog	Модифiкацiя: %1%
menu_upgrades_desc_unlock_cog_header	Вiдкриваэ модифiкацiï:

# ------ Collectibles Screen -----
menu_collectibles_header	Артефакти

menu_collectibles_empty	Артефактiв наразi немаэ
menu_collectibles_empty_header	Артефактiв наразi немаэ
menu_collectibles_empty_text	Ви ще не знаходили артефактiв. Коли знайдете, вони з'являться тут.

menu_collectibles_totalcollect_text	Зiбрано
menu_collectibles_totalcollect	%1%/%2%

# ------ Inventory Screen -----
menu_inventory_header	Ресурси

menu_inventory_slot_value	$%1%{image money_small}
menu_inventory_totalvalue	$%1%
menu_inventory_totalvalue_text	Загальна вартiсть:
menu_inventory_discard_prompt	Викинути

menu_inventory_infobox_header	%1% x %2%
menu_inventory_infobox_header_empty	Звiльнити комiрку рюкзака
menu_inventory_infobox_header_money	$%1%{image money}
menu_inventory_infobox_text_empty	У цiй комiрцi вмiщуэться до 4 одиниць однiэï руди або один дорогоцiнний камiнь.

# ------ System Menu -----
menu_system_header	Система

menu_system_selfdestruct	Самознищення
menu_system_selfdestruct_desc	Запустiть самознищення, щоб повернутися в мiсто.
menu_system_selfdestruct_checkpoint	Самознищення
menu_system_selfdestruct_checkpoint_desc	Запустiть самознищення, щоб повернутися до останньоï мiтки.
menu_system_town_portal	{image town_portal} Портал {image town_portal}
menu_system_town_portal_desc	Телепортуйтеся назад у мiсто, використовуючи модифiкацiю Портал порятунку.
menu_system_difficulty	Складнiсть
menu_system_difficulty_desc	Виберiть складнiсть.
menu_system_options	Параметри
menu_system_options_desc	Змiна налаштувань, елементiв керування, мови тощо.
menu_system_exit	Вихiд
menu_system_exit_desc	Вийти у головне меню. Незбережений прогрес буде втрачено.

popup_exittomenu_title	Вихiд
popup_exittomenu_text	Незбережений прогрес буде втрачено. Повернутися в головне меню?\nЗ минулого збереження: %1% хв., %2% сек.
popup_selfdestruct_title	Самознищення
popup_selfdestruct_text	Всi вашi ресурси можуть бути втраченi, а ви повернетеся в мiсто. Самознищитися?
popup_selfdestruct_checkpoint_text	Ви повернетеся до останньоï мiтки. Самознищитися?
popup_town_portal_title	Телепорт
popup_town_portal_text	Перенестися в мiсто?
popup_town_portal_disabled_title	Помилування неможливе
popup_town_portal_disabled_text	Тут не можна використати Портал порятунку. Для використання потрiбно стояти на твердiй поверхнi, далеко вiд ворогiв i не всерединi печери.

# ------ Options Menu -----
menu_options	Параметри
menu_options_changing_language	Змiна мови
menu_options_pleasewait	Хвилиночку...
menu_options_reset	Скинути всi налаштування
menu_options_category_game	Гра
menu_options_category_game_desc	Змiнити iгровi налаштування.
menu_options_category_video	Вiдео
menu_options_category_video_desc	Змiнити налаштування вiдео.
menu_options_category_video2	Дод. вiдео
menu_options_category_video2_desc	Змiнити додатковi налаштування вiдео.
menu_options_category_sound	Звук
menu_options_category_sound_desc	Змiнити налаштування звуку.
menu_options_category_language	Мова
menu_options_category_language_desc	Змiнити мову.
menu_options_category_input	Керування
menu_options_category_input_desc	Налаштуйте елементи керування.
menu_options_category_back	Назад
menu_options_category_back_desc	До попереднього меню.
menu_options_sound_music	Гучнiсть музики
menu_options_sound_sound	Гучнiсть ефектiв

menu_options_rumble	Вiбрацiя
menu_options_rumble_desc	Налаштування сили вiбрацiï. Щоб вимкнути, змiстiть повзунок лiворуч до упору.
menu_options_disable_flashing	Вимкнути мерехтiння
menu_options_disable_flashing_desc	Вимикаэ мерехтливе свiтло. Поставте прапорець, а потiм перезапустiть гру.
menu_options_skip_intro	Пропустити довiдку та введення
menu_options_skip_intro_desc	Пропустити екрани вiдомостей та введення перед головним меню.
menu_options_lost_focus_pause	Пауза при втратi фокусу
menu_options_lost_focus_pause_desc	Пауза в грi при втратi фокусу iгрового вiкна.

menu_options_sound_music_desc	Змiнити гучнiсть музики.
menu_options_sound_sound_desc	Змiнити гучнiсть ефектiв.

menu_options_fullscreen	Повний екран
menu_options_fullscreen_desc	Перемикання мiж режимом вiкна та повноекранним режимами.
menu_options_vsync	Вертикальна синхронiзацiя
menu_options_vsync_desc	Вмикаэ вертикальну синхронiзацiю. Скорочуэ розрив зображення та витрату енергiï. Може пiдвищити затримку кадрiв.
menu_options_enable_ao	Навколишня оклюзiя
menu_options_enable_ao_desc	Розсiяне затiнення додаэ подiï достовiрностi. Значно знижуэ продуктивнiсть.
menu_options_enable_bloom	Свiтiння
menu_options_enable_bloom_desc	Вмикаэ ефект свiтiння. Знижуэ продуктивнiсть.
menu_options_gamma	Яскравiсть
menu_options_gamma_desc	Налаштування яскравостi (гами).
menu_options_res_scale	Роздiльна здатнiсть
menu_options_res_scale_desc	Налаштування роздiльноï здатностi. Низьке значення пiдвищуэ продуктивнiсть.
menu_options_safe_area_resize	Регулювання розгортки
menu_options_safe_area_resize_desc	Змiнити розмiр iнтерфейсу пiд зону вiдображення.
menu_options_screen_custom_scale	Масштаб вiкна паузи
menu_options_screen_custom_scale_desc	Змiнити розмiр iнтерфейсу паузи.
menu_options_blackbars	Чорнi межi при широкому екранi
menu_options_blackbars_desc	Бiчнi чорнi смуги в широкому форматi замiсть обрiзання зображення зверху та знизу.
menu_options_hiqualitylight	Свiтлова текстура високоï якостi
menu_options_hiqualitylight_desc	16-бiтна свiтлова текстура. Розмиваэ смуги свiтла. Дещо знижуэ швидкодiю.

menu_options_set_input	Встановити
menu_options_clear_input	Очистити
menu_options_reset_all_inputs	Скидання керування
menu_options_input_move_up	Дивитися/лiзти вгору
menu_options_input_move_up_desc	Дивитися вгору та пiднiматися по драбинах.
menu_options_input_move_down	Дивитися/лiзти вниз
menu_options_input_move_down_desc	Дивитися вниз та спускатися по драбинах.
menu_options_input_move_left	Лiворуч
menu_options_input_move_left_desc	Йти лiворуч.
menu_options_input_move_right	Праворуч
menu_options_input_move_right_desc	Йти праворуч.
menu_options_input_jump	Стрибок
menu_options_input_jump_desc	Стрибок. Утримуйте, щоб стрибнути вище.
menu_options_input_run	Бiг
menu_options_input_run_desc	Утримуйте, щоб бiгти швидше. Потрiбне покращання.
menu_options_input_interact	Взаэмодiя
menu_options_input_interact_desc	Взаэмодiяти з доступними предметами та персонажами.
menu_options_input_talk_to_buddy	Говорити зi супутником
menu_options_input_talk_to_buddy_desc	Розмовляти зi супутником в певних ситуацiях.
menu_options_input_skip	Пропустити
menu_options_input_skip_desc	Натиснiть двiчi, щоб пропускати дiалоги та деякi сцени (наприклад, при продажi руди).
menu_options_input_tool_pickaxe	Вдарити киркою.
menu_options_input_tool_pickaxe_desc	Використовуйте свою кирку.
menu_options_input_tool_pressurebomb	Кинути бомбу
menu_options_input_tool_pressurebomb_desc	Киньте газову бомбу.
menu_options_input_tool_jackhammer	Працювати вiдбiйним молотком
menu_options_input_tool_jackhammer_desc	Утримуйте, щоб використати вiдбiйний молоток.
menu_options_input_tool_hookshot	Використати кiшку
menu_options_input_tool_hookshot_desc	Використовуйте кiшку.

menu_options_reset_text	Повернутися до типових налаштувань?
menu_options_reset_title	Скидання налаштувань
menu_options_reset_controls_text	Повернутися до типових налаштувань керування?
menu_options_reset_controls_title	Скинути налаштування керування

# ------ Collectibles -----

collectible_amulet	Амулет Сiмсамсунгсалябiм
collectible_amulet_desc	Вже точно потужнiший, нiж чотирилисник або кроляча лапка. Очi зловiсно мерехтять. Стаэ спекотно. Зсередини чути спiв?
collectible_amulet_flavor	"""Ша-ла-ла-ла!"""

collectible_cereal	Миска з пластiвцями
collectible_cereal_desc	Колись це була головна страва дня. Тепер - висохлi останки минулого свiту.
collectible_cereal_flavor	"""Скажи менi, що ти ïси..."""


collectible_dead_rat	Rattus norvegicus
collectible_dead_rat_desc	Вони так сусiдять з людьми, що практично зрiднилися з ними. Вражаюче навчаються. Одну навiть вибрали прем'эр-мiнiстром Норвегiï.
collectible_dead_rat_flavor	"""Якщо ти те, що ти ïси, то краще ïсти хороше."""


collectible_fertilizer	Добриво
collectible_fertilizer_desc	Хто б не залишив цю чудову купу, обiд у нього був явно рясний. Вiдчуваються ноти пряних трав - мабуть, прованських.
collectible_fertilizer_flavor	"""Входить - i виходить. Чудово виходить!"""


collectible_scented_candle	Аромосвiчка
collectible_scented_candle_desc	Грiзний козячий череп. Випромiнюэ флюïди жаху, неминучого знищення i... ванiлi?
collectible_scented_candle_flavor	"""Поклик до знищення - це теж творчий поклик."""


collectible_wrapped_gift	Хто Шредiнгера?
collectible_wrapped_gift_desc	О-ля-ля! У цьому акуратному згортку може бути що завгодно. Лялька, м'ячик - або всього лише якась структуралiзацiï простору...
collectible_wrapped_gift_flavor	"""Що всерединi?"""


collectible_holy_toast	Тост забирай
collectible_holy_toast_desc	А ви знали, що Всесвiт часом передаэ нам послання через найбуденнiшi предмети? Цей предмет - не з таких.
collectible_holy_toast_flavor	"""Колобок, колобок, я тебе з'ïм!"""


collectible_lime_snowman	Лаймовий снiговик
collectible_lime_snowman_desc	Боягузик зайчик сiренький пiд пальмочкою скакав...
collectible_lime_snowman_flavor	"""Все стало навколо кислим, круглим, зеленим..."""


collectible_inflatable_friend	Надувний друг
collectible_inflatable_friend_desc	Самотнiсть - це коли сам себе обiймаэш, коли сумно.
collectible_inflatable_friend_flavor	"""Коли я набираю номер, нiкого немаэ вдома."""


collectible_book_groda	Доктор Квак - дiтям
collectible_book_groda_desc	Знаменитий доктор Квак! У нього знайдеться порада на всi випадки життя.
collectible_book_groda_flavor	"""Забудьте про КВАтастрофи. Пийте КВАс i кисле молоко!"""


collectible_birdie_seeds	Пташка, ням-ням
collectible_birdie_seeds_desc	Це насiння перетворить будь-яку годiвлю у вечiрку. Рiдкiснi ласощi дадуть вам перевагу на ринку.
collectible_birdie_seeds_flavor	"""Синиця в руках не варта нiчого, доки ви не знайдете покупця."""


collectible_straw_doll	Лялька для акупунктури
collectible_straw_doll_desc	Вражаюча робота! Бризки червоноï фарби роблять ïï майже живою.
collectible_straw_doll_flavor	"""Рукодiлля корисне для здоров'я!"""


collectible_glowing_goo	Свiтний слиз
collectible_glowing_goo_desc	Виглядаэ настiльки слизким i дивним, що пхати його в рот явно не варто.
collectible_glowing_goo_flavor	"""Не ïж, незрозумiло чим станеш!"""


collectible_lost_penguin	Фотографiя колишнього коханця
collectible_lost_penguin_desc	Стрибати i танцювати непросто, якщо втратив свою любов.
collectible_lost_penguin_flavor	"""Пiнгвiни люблять раз i назавжди!"""


collectible_old_invitations	Старi невiдкритi запрошення
collectible_old_invitations_desc	Надiï i мрiï. Зiбранi, пiдшитi, пронумерованi. Припадають пилом у забуттi.
collectible_old_invitations_flavor	"""Це нелегко прийняти..."""


collectible_sacred_documentation	Священнi документи
collectible_sacred_documentation_desc	Цi рухомi фiгури колись визначали культуру цiлих поколiнь...
collectible_sacred_documentation_flavor	"""Найтрагiчнiшi повороти долi може змити простий душ."""


collectible_chainsaw	"Пила ""Халло Катце"""
collectible_chainsaw_desc	Популярний бренд техаських модних аксесуарiв.
collectible_chainsaw_flavor	"""Моэ серце розпиляно надвоэ!"""


collectible_toy_rocket	Iграшкова ракета
collectible_toy_rocket_desc	Вперед по рiчцi разом з Гекльберi.
collectible_toy_rocket_flavor	"""Хто знаэ, що чекаэ за поворотом?"""


collectible_monster_plushy	Плюшевий монстр
collectible_monster_plushy_desc	Дитяча iграшка. Хм. Попередження про ризик задухи написано на шумерськiй, давньоэгипетськiй, акадськiй i ще декiлькох стародавнiх мовах.
collectible_monster_plushy_flavor	"""Пнглуi мглунафх Ктулху Р'лайх угахнагл фтагн!"""


collectible_shark_tooth	Акулячий зуб Гiнсу
collectible_shark_tooth_desc	Добре рiже. Погано чиститься
collectible_shark_tooth_flavor	"""Страшний сон стоматолога."""


collectible_rubber_chickens	Мiшок гумових курчат
collectible_rubber_chickens_desc	Зсередини лунаэ какофонiя з писку, квоктання i крикiв. Гамiр досяг роздорiжжя.
collectible_rubber_chickens_flavor	"""Насолода слуху. Насолода... Ви куштували курку в карамелi?"""


collectible_cake	Торт
collectible_cake_desc	Iстина дня: Немаэ нiчого кращого хорошого тортика.
collectible_cake_flavor	"""Хiба що два хороших тортика."""


collectible_banana_peels	Консервованi банановi шкiрки
collectible_banana_peels_desc	Чому шкiрки? Тому що це небанально!
collectible_banana_peels_flavor	"""Шкiрка може знадобитися в будь-який момент, шьйорт побьэрi!"""


collectible_theremin	Терменвокс
collectible_theremin_desc	Майбутнэ електронноï музики! Водiть руками над iнструментом i витягайте чарiвнi звуки, схожi на голос людини, що впала в колодязь. Схоже, нiхто його не чiпав вже багато рокiв...
collectible_theremin_flavor	"""За оперну зiрку вам не зiйти..."""


collectible_weird_stone	Дивний камiнь
collectible_weird_stone_desc	Дивна форма. Нагадуэ не то колапсуючу туманнiсть, не то спiваючий хор.
collectible_weird_stone_flavor	"""Не можеш взяти потрiбну ноту - винувать зiрки!"""


collectible_action_figure	Фiгурка кiшки-нiндзя
collectible_action_figure_desc	Вливайся! Ставай мяутантом! Кiшки-нiндзя, вперед!
collectible_action_figure_flavor	"""Шредер? Я сама кого хочеш на шматки порву!"""


collectible_fossil	Викопнi
collectible_fossil_desc	Електрична присутнiсть Вектрон вплинула як на живих, так i на викопних мешканцiв шахт.
collectible_fossil_flavor	"""Археологiя завжди докопуэться до глибин! Менi здаэться, чи жарти у нас якiсь доiсторичнi?.."""


collectible_diary	Спелеожурнал
collectible_diary_desc	Щоденник Брiани Гiрсон, вiдважноï дослiдницi, що побувала в найтемнiших куточках Археï. Тут згадуэться про брак хоробрих добровольцiв, готових вести розкопки та дослiджувати далекi територiï. Незважаючи на недоладнi картинки, щоденник навiваэ смуток.
collectible_diary_flavor	"""Коли вкопуэшся у безодню, вона починаэ докопуватися до тебе."""


collectible_fifty	П'ятдесят вiдтiнкiв клiше
collectible_fifty_desc	Вихолощена iсторiя, що складаэться з прiсною сiроï матерiï.
collectible_fifty_flavor	"""- Чому тобi не подобаэться ця книга? запитала Скукота, вдивляючись у похмурi водянистi очi. - Тому що вона мене дiстала усiма п'ятдесятьма вiдтiнками!"""



collectible_wagon_wheel	Колесо фургона
collectible_wagon_wheel_desc	Крiзь дощ i вiтер йшли на пiвдень вiдважнi боти з крихiтних мiстечок. Для багатьох з них мрiя про велике мiсто так i не здiйснилася, згинувши у пiсках Захiдноï пустелi.
collectible_wagon_wheel_flavor	"""Шлях пiонера завжди важкий."""


collectible_black_box	Чорний ящик з ракети
collectible_black_box_desc	Органiзацiя любителiв космосу, особливо купка очкарикiв-всезнайок, просто вдавиться за цей ящик.
collectible_black_box_flavor	"""I так, хлопцi, вiн помаранчевий."""


collectible_red_cloth	Клаптик червоноï матерiï
collectible_red_cloth_desc	Щiльна потерта матерiя. Здаэться, клаптик вiдiрвали в бiйцi. Схоже на ковбойську шийну хустку.
collectible_red_cloth_flavor	"""Пiонери схожi на черепах: доки шию з панцира не висолопиш, вперед не просунешся."""


collectible_cult_list	Список справ фанатика з культу Долi
collectible_cult_list_desc	Знайти божественне втiлення знищення (готово)\nСкласти схему органiзацiï культу (готово)\nЗамiнити випарованих членiв ради (готово)\nВислухати вимоги божества (готово)\nОбезголовити старий iдол (готово)\nПридбати молоко (?)\nНалагодити паломництво (готово)\nПiдготуватися до кiнця свiту (в роботi)
collectible_cult_list_flavor	"""О я почув я одну з чотирьох тварин, яка говорила, нiби голосом грому."""

collectible_amiigo	Статуетка Амiiго
collectible_amiigo_desc	Лише найдостойнiшим з жерцiв храму дозволяэться увiчнювати себе в скульптурi. Ця, е... велична статуя символiзуэ вищу i шановану iстоту.
collectible_amiigo_flavor	"""УВАГА: НЕБЕЗПЕКА УДУШЕННЯ: зарозумiлiсть фiгурки перевищуэ норми безпеки."""


collectible_stone_tablet	Печатка вогню
collectible_stone_tablet_desc	Начерки на давнiй табличцi зображують засновникiв культу як вогнепоклонникiв. Запальна компанiя!
collectible_stone_tablet_flavor	"""Немаэ храму - немаэ дому."""


collectible_orchid	Свiтна орхiдея
collectible_orchid_desc	Отрута, що капаэ зi старих труб, викликала мутацiï у рослин в Ярроу. Деяким нiчним тваринам довелося адаптуватися до нового циркадного ритму.
collectible_orchid_flavor	"""Чудовий подарунок до початку новоï палеозойськоï ери!"""


collectible_manual	Посiбник до складання продукцiï IНКРЕА
collectible_manual_desc	Цей самозбиральний апарат був незамiнний для полiпшення шахтарського обладнання. Його назва звучить не то як нiсенiтниця, не то як прокляття з суворого пiвнiчного королiвства.
collectible_manual_flavor	"""Э iдея - э IНКРЕА!"""


collectible_pills	Жовтi пiгулки
collectible_pills_desc	"Маленькi, жовтенькi - типовi пiлюльки. У рецептi написано: ""Доктор Швестер"" - i намальований значок з великим пальцем вгору."
collectible_pills_flavor	"""Те, що лiкар прописав!"""

collectible_painting	Натюрморт в натурi
collectible_painting_desc	Хочете сказати, що це полотно - втiлення почуття, перетворене творчою думкою? Чи просто картинка подобаэться? Так чи iнакше, без мистецтва свiт був би нудний.
collectible_painting_flavor	"""Я художник. Я так бачу."""

collectible_six_pack	Ящик бузи
collectible_six_pack_desc	Мрiя будь-якого бомжа. Точно вiдомо двi речi: Вони по ньому з розуму сходять, але без нього точно схибнуться! Точняк!
collectible_six_pack_flavor	"""Краще, нiж здаэться!"""

collectible_building_plans	Вiдкинутi плани побудови
collectible_building_plans_desc	Хтось вiдхилив ïх дуже креативно. З iншого боку... Чому б ви вiддали перевагу: неправильно побудованому будинку, готовий завалитися саме тодi, коли нiхто не чекаэ, чи чудово зробленiй устрицi-орiгамi?
collectible_building_plans_flavor	"""Немаэ дому - немаэ проблеми. Так вважаэ будiвельна iнспекцiя Ель Макiно."""

collectible_dumbells	Гантелi Розi
collectible_dumbells_desc	Пропахнули потом i бажанням кинути цю справу.
collectible_dumbells_flavor	"""Гайки не закрутиш - зовсiм розбовтаэшся!"""

collectible_completion_proof	Доказ проходження
collectible_completion_proof_desc	Просимо вибачення за незручностi.
collectible_completion_proof_flavor	"""Як то кажуть: Арбайтен, копайтен i не вiдпочивайтен!"""

# ------ Vectron messages ------
message_pre	>
message_post	_
message_trespasser_text_1	SURGE BOOT: INITIATING THREAT ANALYSIS\n\nDIRECTIVE A, B, COMPILED.  #8F000025.28C40A8\nVCT_SYSTEM_OFFLINE\nAX=000A DIRECTIVE A: BLUE SAVIOR, FAIL LEVEL: CRITICAL BX=7FFF SP=000007C4\nCX=0000 PRE-LOAD DIRECTIVE B: MOON ESCAPE DX=7FFF IP=0800F108\nEX=6060 FX=7FFF XP=080FFFAA\nBACK-UP COMPLETED\nSPACE CAPSULE: SECURE\n\n\nERROR RESULT:
message_trespasser_text_2	ANOMALY DETECTED
message_final_text	DISASTER PROTOCOL\nDIRECTIVE A: BLUE SAVIOR\nINITIATED

message_hell_bedrock_01	TEST RESULT:\nTEST SUBJECT PRESSED 3 BUTTONS\nTEST SUBJECT EXPECTS A...REWARD...?\n\nREWARD INITIATED:\n......o..o..o......\n......I..I..I......\n....(VVVVVVVVV)....\n....l--.--.--.l....\n....l.--.--.--l....\n....l_________l....\n...................\n\nOBSERVATION:\nTEST SUBJECT ENJOYED THE REWARD\n\nEXPECTATION: \nCONTINUED MINIMAL SIGNS OF INTELLIGENCE\n
message_hell_bedrock_02	TEST SUBJECT INITIATED ESCAPE\n\nTEST SESSION: STOPPED\n\n\nDEACTIVATE TEST CHAMBER\n\nALSO: HIDE THE CAKE

# ------ Languages -----
language_english	Украïнська
language_spanish	Español
language_portuguese	Português
language_italian	Italiano
language_german	Deutsch
language_french	Français
language_russian	Усруйське наречiе
language_japanese	Japanese	